Sample	Cluster	Color
Kronos1000	1	#1F77B4FF
Kronos1002	2	#FF7F0EFF
Kronos1017	3	#2CA02CFF
Kronos1024	2	#FF7F0EFF
Kronos1025	4	#D62728FF
Kronos1027	5	#9467BDFF
Kronos1037	3	#2CA02CFF
Kronos1038	5	#9467BDFF
Kronos1051	5	#9467BDFF
Kronos1060	6	#8C564BFF
Kronos1061	7	#E377C2FF
Kronos1064	3	#2CA02CFF
Kronos1065	8	#7F7F7FFF
Kronos1067	5	#9467BDFF
Kronos1070	4	#D62728FF
Kronos1071	9	#BCBD22FF
Kronos1090	3	#2CA02CFF
Kronos1096	8	#7F7F7FFF
Kronos1099	8	#7F7F7FFF
Kronos110	10	#17BECFFF
Kronos1107	3	#2CA02CFF
Kronos1108	5	#9467BDFF
Kronos111	5	#9467BDFF
Kronos1110	8	#7F7F7FFF
Kronos1112	7	#E377C2FF
Kronos112	11	#AEC7E8FF
Kronos1137	8	#7F7F7FFF
Kronos1138	3	#2CA02CFF
Kronos1139	3	#2CA02CFF
Kronos114	10	#17BECFFF
Kronos1143	8	#7F7F7FFF
Kronos1146	12	#FFBB78FF
Kronos1159	5	#9467BDFF
Kronos1161	8	#7F7F7FFF
Kronos1164	3	#2CA02CFF
Kronos1166	3	#2CA02CFF
Kronos1170	4	#D62728FF
Kronos1171	11	#AEC7E8FF
Kronos1172	4	#D62728FF
Kronos118	4	#D62728FF
Kronos1181	13	#98DF8AFF
Kronos1186	12	#FFBB78FF
Kronos119	8	#7F7F7FFF
Kronos1193	4	#D62728FF
Kronos1194	4	#D62728FF
Kronos1211	7	#E377C2FF
Kronos1213	8	#7F7F7FFF
Kronos1214	4	#D62728FF
Kronos1222	4	#D62728FF
Kronos1225	7	#E377C2FF
Kronos1226	2	#FF7F0EFF
Kronos1227	4	#D62728FF
Kronos1232	6	#8C564BFF
Kronos1234	12	#FFBB78FF
Kronos1238	7	#E377C2FF
Kronos1242	2	#FF7F0EFF
Kronos1251	4	#D62728FF
Kronos1252	6	#8C564BFF
Kronos1253	8	#7F7F7FFF
Kronos1257	2	#FF7F0EFF
Kronos1270	5	#9467BDFF
Kronos1279	5	#9467BDFF
Kronos1280	3	#2CA02CFF
Kronos1281	8	#7F7F7FFF
Kronos1290	4	#D62728FF
Kronos1293	8	#7F7F7FFF
Kronos1294	8	#7F7F7FFF
Kronos1300	11	#AEC7E8FF
Kronos1304	11	#AEC7E8FF
Kronos1305	2	#FF7F0EFF
Kronos1308	8	#7F7F7FFF
Kronos1315	8	#7F7F7FFF
Kronos1324	5	#9467BDFF
Kronos1326	7	#E377C2FF
Kronos1331	5	#9467BDFF
Kronos1337	4	#D62728FF
Kronos1344	12	#FFBB78FF
Kronos1346	4	#D62728FF
Kronos1348	5	#9467BDFF
Kronos1360	5	#9467BDFF
Kronos1361	12	#FFBB78FF
Kronos1367	9	#BCBD22FF
Kronos1382	6	#8C564BFF
Kronos1388	3	#2CA02CFF
Kronos1393	6	#8C564BFF
Kronos1400	4	#D62728FF
Kronos1405	8	#7F7F7FFF
Kronos1410	8	#7F7F7FFF
Kronos1426	7	#E377C2FF
Kronos1431	12	#FFBB78FF
Kronos1434	7	#E377C2FF
Kronos1435	8	#7F7F7FFF
Kronos1440	8	#7F7F7FFF
Kronos1450	4	#D62728FF
Kronos157	5	#9467BDFF
Kronos160	4	#D62728FF
Kronos162	8	#7F7F7FFF
Kronos166	5	#9467BDFF
Kronos167	12	#FFBB78FF
Kronos169	12	#FFBB78FF
Kronos170	11	#AEC7E8FF
Kronos171	4	#D62728FF
Kronos176	5	#9467BDFF
Kronos177	4	#D62728FF
Kronos178	6	#8C564BFF
Kronos181	5	#9467BDFF
Kronos184	8	#7F7F7FFF
Kronos185	5	#9467BDFF
Kronos186	6	#8C564BFF
Kronos193	5	#9467BDFF
Kronos194	8	#7F7F7FFF
Kronos195	4	#D62728FF
Kronos198	5	#9467BDFF
Kronos199	11	#AEC7E8FF
Kronos2003	2	#FF7F0EFF
Kronos2005	2	#FF7F0EFF
Kronos2006	12	#FFBB78FF
Kronos2007	4	#D62728FF
Kronos2010	8	#7F7F7FFF
Kronos2011	10	#17BECFFF
Kronos2016	7	#E377C2FF
Kronos2017	8	#7F7F7FFF
Kronos2018	6	#8C564BFF
Kronos2019	9	#BCBD22FF
Kronos2020	1	#1F77B4FF
Kronos2021	4	#D62728FF
Kronos2022	12	#FFBB78FF
Kronos2024	8	#7F7F7FFF
Kronos2025	3	#2CA02CFF
Kronos2026	12	#FFBB78FF
Kronos2029	6	#8C564BFF
Kronos203	2	#FF7F0EFF
Kronos2030	4	#D62728FF
Kronos2031	8	#7F7F7FFF
Kronos2032	11	#AEC7E8FF
Kronos2034	4	#D62728FF
Kronos2035	4	#D62728FF
Kronos2036	4	#D62728FF
Kronos2038	8	#7F7F7FFF
Kronos2039	8	#7F7F7FFF
Kronos2040	1	#1F77B4FF
Kronos2041	3	#2CA02CFF
Kronos2042	3	#2CA02CFF
Kronos2043	5	#9467BDFF
Kronos2044	5	#9467BDFF
Kronos2046	8	#7F7F7FFF
Kronos2048	10	#17BECFFF
Kronos205	4	#D62728FF
Kronos2051	5	#9467BDFF
Kronos2052	12	#FFBB78FF
Kronos2053	1	#1F77B4FF
Kronos2054	3	#2CA02CFF
Kronos2057	3	#2CA02CFF
Kronos2060	12	#FFBB78FF
Kronos2064	4	#D62728FF
Kronos207	6	#8C564BFF
Kronos2073	9	#BCBD22FF
Kronos2074	12	#FFBB78FF
Kronos2075	8	#7F7F7FFF
Kronos2077	4	#D62728FF
Kronos2079	4	#D62728FF
Kronos208	5	#9467BDFF
Kronos2080	6	#8C564BFF
Kronos2081	9	#BCBD22FF
Kronos2082	5	#9467BDFF
Kronos2092	2	#FF7F0EFF
Kronos2098	8	#7F7F7FFF
Kronos2109	11	#AEC7E8FF
Kronos2110	7	#E377C2FF
Kronos2111	4	#D62728FF
Kronos2113	7	#E377C2FF
Kronos2114	6	#8C564BFF
Kronos2115	9	#BCBD22FF
Kronos2117	12	#FFBB78FF
Kronos2118	12	#FFBB78FF
Kronos212	8	#7F7F7FFF
Kronos213	12	#FFBB78FF
Kronos214	11	#AEC7E8FF
Kronos2149	8	#7F7F7FFF
Kronos216	12	#FFBB78FF
Kronos2169	12	#FFBB78FF
Kronos2170	8	#7F7F7FFF
Kronos2176	2	#FF7F0EFF
Kronos2182	4	#D62728FF
Kronos2187	12	#FFBB78FF
Kronos2188	4	#D62728FF
Kronos2189	8	#7F7F7FFF
Kronos2192	5	#9467BDFF
Kronos2193	7	#E377C2FF
Kronos2194	4	#D62728FF
Kronos2197	4	#D62728FF
Kronos2198	11	#AEC7E8FF
Kronos220	11	#AEC7E8FF
Kronos2200	4	#D62728FF
Kronos2202	4	#D62728FF
Kronos2203	8	#7F7F7FFF
Kronos2205	8	#7F7F7FFF
Kronos2206	3	#2CA02CFF
Kronos2208	4	#D62728FF
Kronos2209	7	#E377C2FF
Kronos2210	4	#D62728FF
Kronos2214	2	#FF7F0EFF
Kronos2215	4	#D62728FF
Kronos2216	4	#D62728FF
Kronos2240	4	#D62728FF
Kronos2241	3	#2CA02CFF
Kronos2242	7	#E377C2FF
Kronos2244	4	#D62728FF
Kronos2247	11	#AEC7E8FF
Kronos2249	3	#2CA02CFF
Kronos2252	9	#BCBD22FF
Kronos2253	4	#D62728FF
Kronos2254	4	#D62728FF
Kronos2255	2	#FF7F0EFF
Kronos2256	8	#7F7F7FFF
Kronos2257	2	#FF7F0EFF
Kronos2259	12	#FFBB78FF
Kronos2261	8	#7F7F7FFF
Kronos2263	12	#FFBB78FF
Kronos2264	8	#7F7F7FFF
Kronos2270	8	#7F7F7FFF
Kronos2271	4	#D62728FF
Kronos2273	7	#E377C2FF
Kronos2275	4	#D62728FF
Kronos2276	8	#7F7F7FFF
Kronos2277	8	#7F7F7FFF
Kronos2278	2	#FF7F0EFF
Kronos228	10	#17BECFFF
Kronos2280	7	#E377C2FF
Kronos2281	2	#FF7F0EFF
Kronos2282	4	#D62728FF
Kronos2283	5	#9467BDFF
Kronos2286	10	#17BECFFF
Kronos2287	1	#1F77B4FF
Kronos2288	1	#1F77B4FF
Kronos2290	6	#8C564BFF
Kronos2293	3	#2CA02CFF
Kronos2294	4	#D62728FF
Kronos2296	13	#98DF8AFF
Kronos2297	9	#BCBD22FF
Kronos2298	8	#7F7F7FFF
Kronos2299	6	#8C564BFF
Kronos2301	4	#D62728FF
Kronos2302	5	#9467BDFF
Kronos2303	14	#FF9896FF
Kronos2305	8	#7F7F7FFF
Kronos2306	7	#E377C2FF
Kronos2307	8	#7F7F7FFF
Kronos2308	9	#BCBD22FF
Kronos2309	8	#7F7F7FFF
Kronos2311	9	#BCBD22FF
Kronos2312	1	#1F77B4FF
Kronos2313	1	#1F77B4FF
Kronos2314	7	#E377C2FF
Kronos2315	9	#BCBD22FF
Kronos2316	5	#9467BDFF
Kronos2317	5	#9467BDFF
Kronos2318	11	#AEC7E8FF
Kronos2319	9	#BCBD22FF
Kronos2321	2	#FF7F0EFF
Kronos2322	4	#D62728FF
Kronos2323	5	#9467BDFF
Kronos2324	2	#FF7F0EFF
Kronos2326	6	#8C564BFF
Kronos2327	3	#2CA02CFF
Kronos2329	13	#98DF8AFF
Kronos2330	3	#2CA02CFF
Kronos2331	4	#D62728FF
Kronos2332	11	#AEC7E8FF
Kronos2333	13	#98DF8AFF
Kronos2335	4	#D62728FF
Kronos2336	6	#8C564BFF
Kronos2337	8	#7F7F7FFF
Kronos2338	8	#7F7F7FFF
Kronos2339	4	#D62728FF
Kronos234	4	#D62728FF
Kronos2340	11	#AEC7E8FF
Kronos2344	5	#9467BDFF
Kronos2345	4	#D62728FF
Kronos2346	5	#9467BDFF
Kronos2348	5	#9467BDFF
Kronos2349	6	#8C564BFF
Kronos2350	4	#D62728FF
Kronos2351	8	#7F7F7FFF
Kronos2352	5	#9467BDFF
Kronos2354	6	#8C564BFF
Kronos2355	6	#8C564BFF
Kronos2357	3	#2CA02CFF
Kronos2361	8	#7F7F7FFF
Kronos2364	13	#98DF8AFF
Kronos2365	5	#9467BDFF
Kronos2368	8	#7F7F7FFF
Kronos2369	13	#98DF8AFF
Kronos2370	9	#BCBD22FF
Kronos2374	6	#8C564BFF
Kronos2375	7	#E377C2FF
Kronos2376	4	#D62728FF
Kronos2377	9	#BCBD22FF
Kronos2379	12	#FFBB78FF
Kronos238	9	#BCBD22FF
Kronos2380	8	#7F7F7FFF
Kronos2381	2	#FF7F0EFF
Kronos2383	1	#1F77B4FF
Kronos2384	4	#D62728FF
Kronos2389	4	#D62728FF
Kronos2390	1	#1F77B4FF
Kronos2392	5	#9467BDFF
Kronos2395	6	#8C564BFF
Kronos2396	8	#7F7F7FFF
Kronos2397	4	#D62728FF
Kronos2398	2	#FF7F0EFF
Kronos2401	7	#E377C2FF
Kronos2402	4	#D62728FF
Kronos2403	7	#E377C2FF
Kronos2405	6	#8C564BFF
Kronos2406	11	#AEC7E8FF
Kronos2407	4	#D62728FF
Kronos2408	13	#98DF8AFF
Kronos2414	8	#7F7F7FFF
Kronos2417	6	#8C564BFF
Kronos2418	10	#17BECFFF
Kronos2421	2	#FF7F0EFF
Kronos2423	4	#D62728FF
Kronos2424	4	#D62728FF
Kronos2425	10	#17BECFFF
Kronos2426	12	#FFBB78FF
Kronos2427	3	#2CA02CFF
Kronos2429	8	#7F7F7FFF
Kronos243	4	#D62728FF
Kronos2430	1	#1F77B4FF
Kronos2431	3	#2CA02CFF
Kronos2432	9	#BCBD22FF
Kronos2433	8	#7F7F7FFF
Kronos2434	6	#8C564BFF
Kronos2435	5	#9467BDFF
Kronos2436	9	#BCBD22FF
Kronos2437	4	#D62728FF
Kronos2438	7	#E377C2FF
Kronos2439	4	#D62728FF
Kronos2440	6	#8C564BFF
Kronos2445	5	#9467BDFF
Kronos2448	4	#D62728FF
Kronos2449	12	#FFBB78FF
Kronos2450	3	#2CA02CFF
Kronos2452	8	#7F7F7FFF
Kronos2453	4	#D62728FF
Kronos2458	4	#D62728FF
Kronos2460	3	#2CA02CFF
Kronos2462	6	#8C564BFF
Kronos2465	6	#8C564BFF
Kronos2467	6	#8C564BFF
Kronos2468	3	#2CA02CFF
Kronos2471	5	#9467BDFF
Kronos2472	8	#7F7F7FFF
Kronos2473	5	#9467BDFF
Kronos2475	8	#7F7F7FFF
Kronos2477	10	#17BECFFF
Kronos2478	2	#FF7F0EFF
Kronos2479	8	#7F7F7FFF
Kronos2480	4	#D62728FF
Kronos2485	5	#9467BDFF
Kronos2486	4	#D62728FF
Kronos2487	5	#9467BDFF
Kronos2488	3	#2CA02CFF
Kronos2489	8	#7F7F7FFF
Kronos2495	6	#8C564BFF
Kronos2496	13	#98DF8AFF
Kronos2499	6	#8C564BFF
Kronos2504	8	#7F7F7FFF
Kronos2505	4	#D62728FF
Kronos2506	11	#AEC7E8FF
Kronos2509	11	#AEC7E8FF
Kronos2512	8	#7F7F7FFF
Kronos2513	8	#7F7F7FFF
Kronos2514	4	#D62728FF
Kronos2515	6	#8C564BFF
Kronos2516	5	#9467BDFF
Kronos2517	8	#7F7F7FFF
Kronos2518	8	#7F7F7FFF
Kronos2520	6	#8C564BFF
Kronos2523	9	#BCBD22FF
Kronos2524	4	#D62728FF
Kronos2526	12	#FFBB78FF
Kronos2527	12	#FFBB78FF
Kronos2529	5	#9467BDFF
Kronos2530	4	#D62728FF
Kronos2531	4	#D62728FF
Kronos2546	4	#D62728FF
Kronos2547	5	#9467BDFF
Kronos2548	8	#7F7F7FFF
Kronos255	10	#17BECFFF
Kronos2551	5	#9467BDFF
Kronos2552	2	#FF7F0EFF
Kronos2553	2	#FF7F0EFF
Kronos2554	8	#7F7F7FFF
Kronos2555	2	#FF7F0EFF
Kronos2556	4	#D62728FF
Kronos2557	8	#7F7F7FFF
Kronos2560	10	#17BECFFF
Kronos2561	6	#8C564BFF
Kronos2562	5	#9467BDFF
Kronos2563	3	#2CA02CFF
Kronos2564	11	#AEC7E8FF
Kronos2565	10	#17BECFFF
Kronos2566	2	#FF7F0EFF
Kronos2569	5	#9467BDFF
Kronos257	4	#D62728FF
Kronos2572	4	#D62728FF
Kronos2573	12	#FFBB78FF
Kronos2574	9	#BCBD22FF
Kronos2576	11	#AEC7E8FF
Kronos2577	8	#7F7F7FFF
Kronos2579	5	#9467BDFF
Kronos2581	2	#FF7F0EFF
Kronos2584	8	#7F7F7FFF
Kronos2585	8	#7F7F7FFF
Kronos2586	3	#2CA02CFF
Kronos2587	9	#BCBD22FF
Kronos2589	2	#FF7F0EFF
Kronos2590	4	#D62728FF
Kronos2591	8	#7F7F7FFF
Kronos2592	2	#FF7F0EFF
Kronos2593	5	#9467BDFF
Kronos2594	4	#D62728FF
Kronos2597	2	#FF7F0EFF
Kronos2602	2	#FF7F0EFF
Kronos2603	11	#AEC7E8FF
Kronos2605	7	#E377C2FF
Kronos2607	11	#AEC7E8FF
Kronos2613	3	#2CA02CFF
Kronos2615	6	#8C564BFF
Kronos2616	5	#9467BDFF
Kronos2619	8	#7F7F7FFF
Kronos2620	2	#FF7F0EFF
Kronos2621	12	#FFBB78FF
Kronos2622	9	#BCBD22FF
Kronos2625	4	#D62728FF
Kronos2627	8	#7F7F7FFF
Kronos2628	2	#FF7F0EFF
Kronos263	6	#8C564BFF
Kronos2630	4	#D62728FF
Kronos2631	8	#7F7F7FFF
Kronos2634	5	#9467BDFF
Kronos2636	5	#9467BDFF
Kronos2638	6	#8C564BFF
Kronos2640	5	#9467BDFF
Kronos2641	4	#D62728FF
Kronos2642	5	#9467BDFF
Kronos2644	3	#2CA02CFF
Kronos2645	4	#D62728FF
Kronos2646	5	#9467BDFF
Kronos2647	2	#FF7F0EFF
Kronos2648	6	#8C564BFF
Kronos2649	12	#FFBB78FF
Kronos265	8	#7F7F7FFF
Kronos2650	6	#8C564BFF
Kronos2652	12	#FFBB78FF
Kronos2653	12	#FFBB78FF
Kronos2655	5	#9467BDFF
Kronos2656	12	#FFBB78FF
Kronos2657	8	#7F7F7FFF
Kronos2659	4	#D62728FF
Kronos2660	12	#FFBB78FF
Kronos2661	5	#9467BDFF
Kronos2663	8	#7F7F7FFF
Kronos2664	6	#8C564BFF
Kronos2665	7	#E377C2FF
Kronos2668	8	#7F7F7FFF
Kronos2670	7	#E377C2FF
Kronos2671	8	#7F7F7FFF
Kronos2672	13	#98DF8AFF
Kronos2673	7	#E377C2FF
Kronos2674	3	#2CA02CFF
Kronos2679	4	#D62728FF
Kronos2680	4	#D62728FF
Kronos2682	5	#9467BDFF
Kronos2683	5	#9467BDFF
Kronos2687	4	#D62728FF
Kronos2689	5	#9467BDFF
Kronos2691	4	#D62728FF
Kronos2692	6	#8C564BFF
Kronos2694	3	#2CA02CFF
Kronos2695	9	#BCBD22FF
Kronos2698	5	#9467BDFF
Kronos2700	3	#2CA02CFF
Kronos2701	2	#FF7F0EFF
Kronos2702	2	#FF7F0EFF
Kronos2703	4	#D62728FF
Kronos2704	5	#9467BDFF
Kronos2706	4	#D62728FF
Kronos2708	4	#D62728FF
Kronos2710	12	#FFBB78FF
Kronos2711	8	#7F7F7FFF
Kronos2712	4	#D62728FF
Kronos2713	6	#8C564BFF
Kronos2716	11	#AEC7E8FF
Kronos2719	2	#FF7F0EFF
Kronos2726	4	#D62728FF
Kronos2727	8	#7F7F7FFF
Kronos2731	6	#8C564BFF
Kronos2734	4	#D62728FF
Kronos2736	9	#BCBD22FF
Kronos2738	2	#FF7F0EFF
Kronos278	3	#2CA02CFF
Kronos280	4	#D62728FF
Kronos281	8	#7F7F7FFF
Kronos2813	5	#9467BDFF
Kronos282	6	#8C564BFF
Kronos2821	4	#D62728FF
Kronos2822	3	#2CA02CFF
Kronos2824	9	#BCBD22FF
Kronos2825	8	#7F7F7FFF
Kronos2827	2	#FF7F0EFF
Kronos283	5	#9467BDFF
Kronos2834	4	#D62728FF
Kronos2849	6	#8C564BFF
Kronos2852	6	#8C564BFF
Kronos2861	11	#AEC7E8FF
Kronos2864	8	#7F7F7FFF
Kronos2868	11	#AEC7E8FF
Kronos287	8	#7F7F7FFF
Kronos2871	4	#D62728FF
Kronos2873	4	#D62728FF
Kronos2877	10	#17BECFFF
Kronos2879	4	#D62728FF
Kronos2880	6	#8C564BFF
Kronos2881	9	#BCBD22FF
Kronos2885	8	#7F7F7FFF
Kronos2889	5	#9467BDFF
Kronos2890	5	#9467BDFF
Kronos2892	5	#9467BDFF
Kronos2893	4	#D62728FF
Kronos2894	5	#9467BDFF
Kronos2895	6	#8C564BFF
Kronos2898	4	#D62728FF
Kronos2900	8	#7F7F7FFF
Kronos2901	5	#9467BDFF
Kronos2910	6	#8C564BFF
Kronos2913	8	#7F7F7FFF
Kronos2915	4	#D62728FF
Kronos2928	12	#FFBB78FF
Kronos2929	10	#17BECFFF
Kronos293	4	#D62728FF
Kronos2933	11	#AEC7E8FF
Kronos2936	12	#FFBB78FF
Kronos2937	6	#8C564BFF
Kronos2941	5	#9467BDFF
Kronos2942	7	#E377C2FF
Kronos2944	11	#AEC7E8FF
Kronos2958	12	#FFBB78FF
Kronos2965	4	#D62728FF
Kronos2969	8	#7F7F7FFF
Kronos2976	2	#FF7F0EFF
Kronos2980	4	#D62728FF
Kronos2981	4	#D62728FF
Kronos2985	4	#D62728FF
Kronos2987	5	#9467BDFF
Kronos2991	5	#9467BDFF
Kronos2992	4	#D62728FF
Kronos2997	4	#D62728FF
Kronos3001	11	#AEC7E8FF
Kronos3004	4	#D62728FF
Kronos3008	8	#7F7F7FFF
Kronos3011	4	#D62728FF
Kronos302	9	#BCBD22FF
Kronos3025	7	#E377C2FF
Kronos3039	4	#D62728FF
Kronos3052	8	#7F7F7FFF
Kronos3055	4	#D62728FF
Kronos3057	6	#8C564BFF
Kronos3058	10	#17BECFFF
Kronos3061	6	#8C564BFF
Kronos3067	4	#D62728FF
Kronos3070	6	#8C564BFF
Kronos3071	8	#7F7F7FFF
Kronos3074	8	#7F7F7FFF
Kronos3076	6	#8C564BFF
Kronos3078	12	#FFBB78FF
Kronos308	13	#98DF8AFF
Kronos3085	5	#9467BDFF
Kronos3088	6	#8C564BFF
Kronos309	9	#BCBD22FF
Kronos3090	6	#8C564BFF
Kronos3091	6	#8C564BFF
Kronos3092	4	#D62728FF
Kronos3095	5	#9467BDFF
Kronos3098	7	#E377C2FF
Kronos3100	4	#D62728FF
Kronos3101	3	#2CA02CFF
Kronos3102	8	#7F7F7FFF
Kronos3103	3	#2CA02CFF
Kronos3105	10	#17BECFFF
Kronos3107	11	#AEC7E8FF
Kronos3113	8	#7F7F7FFF
Kronos3114	12	#FFBB78FF
Kronos3116	5	#9467BDFF
Kronos3117	5	#9467BDFF
Kronos3121	12	#FFBB78FF
Kronos3126	2	#FF7F0EFF
Kronos3127	6	#8C564BFF
Kronos3128	6	#8C564BFF
Kronos3137	5	#9467BDFF
Kronos3143	4	#D62728FF
Kronos3145	5	#9467BDFF
Kronos3146	12	#FFBB78FF
Kronos3147	11	#AEC7E8FF
Kronos3148	8	#7F7F7FFF
Kronos3150	4	#D62728FF
Kronos3155	5	#9467BDFF
Kronos3160	5	#9467BDFF
Kronos3161	4	#D62728FF
Kronos3163	11	#AEC7E8FF
Kronos3164	4	#D62728FF
Kronos3166	4	#D62728FF
Kronos3168	5	#9467BDFF
Kronos3169	4	#D62728FF
Kronos3171	8	#7F7F7FFF
Kronos3173	11	#AEC7E8FF
Kronos3174	1	#1F77B4FF
Kronos3175	8	#7F7F7FFF
Kronos3178	5	#9467BDFF
Kronos3179	8	#7F7F7FFF
Kronos3181	6	#8C564BFF
Kronos3182	8	#7F7F7FFF
Kronos3183	5	#9467BDFF
Kronos3186	4	#D62728FF
Kronos3188	7	#E377C2FF
Kronos3189	8	#7F7F7FFF
Kronos3190	4	#D62728FF
Kronos3191	5	#9467BDFF
Kronos3196	8	#7F7F7FFF
Kronos3205	12	#FFBB78FF
Kronos3206	1	#1F77B4FF
Kronos3207	12	#FFBB78FF
Kronos3210	3	#2CA02CFF
Kronos3212	5	#9467BDFF
Kronos3213	7	#E377C2FF
Kronos3214	11	#AEC7E8FF
Kronos3215	6	#8C564BFF
Kronos3216	8	#7F7F7FFF
Kronos3220	9	#BCBD22FF
Kronos3221	3	#2CA02CFF
Kronos3223	9	#BCBD22FF
Kronos3224	4	#D62728FF
Kronos3226	12	#FFBB78FF
Kronos3227	5	#9467BDFF
Kronos3229	5	#9467BDFF
Kronos323	11	#AEC7E8FF
Kronos3230	4	#D62728FF
Kronos3231	8	#7F7F7FFF
Kronos3232	8	#7F7F7FFF
Kronos3233	7	#E377C2FF
Kronos3234	4	#D62728FF
Kronos3236	4	#D62728FF
Kronos3238	4	#D62728FF
Kronos3239	4	#D62728FF
Kronos324	3	#2CA02CFF
Kronos3240	10	#17BECFFF
Kronos3242	8	#7F7F7FFF
Kronos3243	3	#2CA02CFF
Kronos3259	15	#C5B0D5FF
Kronos3262	15	#C5B0D5FF
Kronos3265	15	#C5B0D5FF
Kronos3267	15	#C5B0D5FF
Kronos3268	15	#C5B0D5FF
Kronos3269	15	#C5B0D5FF
Kronos3272	15	#C5B0D5FF
Kronos3273	15	#C5B0D5FF
Kronos3284	15	#C5B0D5FF
Kronos3286	15	#C5B0D5FF
Kronos3287	15	#C5B0D5FF
Kronos3288	15	#C5B0D5FF
Kronos329	5	#9467BDFF
Kronos3291	15	#C5B0D5FF
Kronos3293	15	#C5B0D5FF
Kronos3294	15	#C5B0D5FF
Kronos3295	15	#C5B0D5FF
Kronos3297	15	#C5B0D5FF
Kronos330	10	#17BECFFF
Kronos3303	15	#C5B0D5FF
Kronos3308	15	#C5B0D5FF
Kronos331	8	#7F7F7FFF
Kronos3312	15	#C5B0D5FF
Kronos3313	15	#C5B0D5FF
Kronos3314	15	#C5B0D5FF
Kronos3315	15	#C5B0D5FF
Kronos3319	15	#C5B0D5FF
Kronos3321	15	#C5B0D5FF
Kronos3323	15	#C5B0D5FF
Kronos3325	15	#C5B0D5FF
Kronos3326	15	#C5B0D5FF
Kronos3327	15	#C5B0D5FF
Kronos3328	15	#C5B0D5FF
Kronos3331	15	#C5B0D5FF
Kronos3332	15	#C5B0D5FF
Kronos3334	15	#C5B0D5FF
Kronos3335	15	#C5B0D5FF
Kronos3337	15	#C5B0D5FF
Kronos3338	15	#C5B0D5FF
Kronos3339	15	#C5B0D5FF
Kronos334	2	#FF7F0EFF
Kronos3340	15	#C5B0D5FF
Kronos3344	15	#C5B0D5FF
Kronos3345	15	#C5B0D5FF
Kronos3346	15	#C5B0D5FF
Kronos3347	9	#BCBD22FF
Kronos3348	15	#C5B0D5FF
Kronos3349	15	#C5B0D5FF
Kronos3351	15	#C5B0D5FF
Kronos3352	15	#C5B0D5FF
Kronos3353	15	#C5B0D5FF
Kronos336	5	#9467BDFF
Kronos337	4	#D62728FF
Kronos338	8	#7F7F7FFF
Kronos3404	15	#C5B0D5FF
Kronos3405	15	#C5B0D5FF
Kronos3411	15	#C5B0D5FF
Kronos3413	15	#C5B0D5FF
Kronos3414	15	#C5B0D5FF
Kronos3416	15	#C5B0D5FF
Kronos3419	15	#C5B0D5FF
Kronos3421	15	#C5B0D5FF
Kronos3422	15	#C5B0D5FF
Kronos3423	15	#C5B0D5FF
Kronos3424	15	#C5B0D5FF
Kronos3426	15	#C5B0D5FF
Kronos344	5	#9467BDFF
Kronos3449	15	#C5B0D5FF
Kronos3456	15	#C5B0D5FF
Kronos3469	15	#C5B0D5FF
Kronos3471	15	#C5B0D5FF
Kronos3474	15	#C5B0D5FF
Kronos3477	15	#C5B0D5FF
Kronos3478	15	#C5B0D5FF
Kronos3481	15	#C5B0D5FF
Kronos3484	15	#C5B0D5FF
Kronos3485	15	#C5B0D5FF
Kronos3486	15	#C5B0D5FF
Kronos3487	15	#C5B0D5FF
Kronos349	8	#7F7F7FFF
Kronos3490	15	#C5B0D5FF
Kronos3491	15	#C5B0D5FF
Kronos3492	15	#C5B0D5FF
Kronos3493	15	#C5B0D5FF
Kronos3494	15	#C5B0D5FF
Kronos3496	15	#C5B0D5FF
Kronos3498	15	#C5B0D5FF
Kronos3499	15	#C5B0D5FF
Kronos3500	15	#C5B0D5FF
Kronos3502	15	#C5B0D5FF
Kronos3504	15	#C5B0D5FF
Kronos3505	15	#C5B0D5FF
Kronos3508	15	#C5B0D5FF
Kronos3509	15	#C5B0D5FF
Kronos351	3	#2CA02CFF
Kronos3510	15	#C5B0D5FF
Kronos3511	15	#C5B0D5FF
Kronos3512	15	#C5B0D5FF
Kronos3517	15	#C5B0D5FF
Kronos352	9	#BCBD22FF
Kronos3520	15	#C5B0D5FF
Kronos3521	15	#C5B0D5FF
Kronos3527	15	#C5B0D5FF
Kronos353	5	#9467BDFF
Kronos3530	15	#C5B0D5FF
Kronos3532	15	#C5B0D5FF
Kronos3533	15	#C5B0D5FF
Kronos3536	15	#C5B0D5FF
Kronos3537	15	#C5B0D5FF
Kronos3538	15	#C5B0D5FF
Kronos3540	15	#C5B0D5FF
Kronos3541	15	#C5B0D5FF
Kronos3543	15	#C5B0D5FF
Kronos3544	15	#C5B0D5FF
Kronos3545	15	#C5B0D5FF
Kronos3548	15	#C5B0D5FF
Kronos355	8	#7F7F7FFF
Kronos3550	15	#C5B0D5FF
Kronos3552	15	#C5B0D5FF
Kronos3553	15	#C5B0D5FF
Kronos3556	15	#C5B0D5FF
Kronos3557	15	#C5B0D5FF
Kronos3558	15	#C5B0D5FF
Kronos3560	15	#C5B0D5FF
Kronos3562	15	#C5B0D5FF
Kronos3565	15	#C5B0D5FF
Kronos3566	15	#C5B0D5FF
Kronos3567	15	#C5B0D5FF
Kronos3568	15	#C5B0D5FF
Kronos3570	15	#C5B0D5FF
Kronos3571	15	#C5B0D5FF
Kronos3572	15	#C5B0D5FF
Kronos3575	15	#C5B0D5FF
Kronos3576	15	#C5B0D5FF
Kronos3578	15	#C5B0D5FF
Kronos3579	15	#C5B0D5FF
Kronos358	5	#9467BDFF
Kronos3581	15	#C5B0D5FF
Kronos3583	15	#C5B0D5FF
Kronos3585	15	#C5B0D5FF
Kronos3587	15	#C5B0D5FF
Kronos3588	15	#C5B0D5FF
Kronos3589	15	#C5B0D5FF
Kronos3591	15	#C5B0D5FF
Kronos3594	15	#C5B0D5FF
Kronos3598	15	#C5B0D5FF
Kronos3600	15	#C5B0D5FF
Kronos3601	14	#FF9896FF
Kronos3602	15	#C5B0D5FF
Kronos3612	15	#C5B0D5FF
Kronos3615	15	#C5B0D5FF
Kronos3622	15	#C5B0D5FF
Kronos3624	11	#AEC7E8FF
Kronos3628	15	#C5B0D5FF
Kronos3629	15	#C5B0D5FF
Kronos3633	15	#C5B0D5FF
Kronos3634	15	#C5B0D5FF
Kronos3638	15	#C5B0D5FF
Kronos364	8	#7F7F7FFF
Kronos3646	4	#D62728FF
Kronos3648	15	#C5B0D5FF
Kronos365	13	#98DF8AFF
Kronos3651	15	#C5B0D5FF
Kronos3653	15	#C5B0D5FF
Kronos3657	15	#C5B0D5FF
Kronos3658	15	#C5B0D5FF
Kronos3661	15	#C5B0D5FF
Kronos3666	15	#C5B0D5FF
Kronos3669	15	#C5B0D5FF
Kronos367	5	#9467BDFF
Kronos3671	15	#C5B0D5FF
Kronos3672	2	#FF7F0EFF
Kronos3681	9	#BCBD22FF
Kronos3685	15	#C5B0D5FF
Kronos369	8	#7F7F7FFF
Kronos3691	15	#C5B0D5FF
Kronos3692	5	#9467BDFF
Kronos3693	15	#C5B0D5FF
Kronos3698	5	#9467BDFF
Kronos370	8	#7F7F7FFF
Kronos3705	6	#8C564BFF
Kronos3706	15	#C5B0D5FF
Kronos3709	15	#C5B0D5FF
Kronos3710	3	#2CA02CFF
Kronos3714	5	#9467BDFF
Kronos3716	15	#C5B0D5FF
Kronos3719	15	#C5B0D5FF
Kronos372	13	#98DF8AFF
Kronos3720	15	#C5B0D5FF
Kronos3721	8	#7F7F7FFF
Kronos3722	15	#C5B0D5FF
Kronos3723	15	#C5B0D5FF
Kronos3724	15	#C5B0D5FF
Kronos3726	11	#AEC7E8FF
Kronos3728	15	#C5B0D5FF
Kronos373	6	#8C564BFF
Kronos3733	15	#C5B0D5FF
Kronos3735	15	#C5B0D5FF
Kronos3737	15	#C5B0D5FF
Kronos3739	4	#D62728FF
Kronos3740	5	#9467BDFF
Kronos3741	9	#BCBD22FF
Kronos3743	8	#7F7F7FFF
Kronos3744	15	#C5B0D5FF
Kronos3745	14	#FF9896FF
Kronos375	1	#1F77B4FF
Kronos3750	15	#C5B0D5FF
Kronos3752	15	#C5B0D5FF
Kronos3753	4	#D62728FF
Kronos3759	15	#C5B0D5FF
Kronos376	6	#8C564BFF
Kronos3767	6	#8C564BFF
Kronos3768	15	#C5B0D5FF
Kronos3769	15	#C5B0D5FF
Kronos377	11	#AEC7E8FF
Kronos3771	15	#C5B0D5FF
Kronos3773	15	#C5B0D5FF
Kronos3774	15	#C5B0D5FF
Kronos3781	15	#C5B0D5FF
Kronos380	5	#9467BDFF
Kronos3810	15	#C5B0D5FF
Kronos3819	15	#C5B0D5FF
Kronos382	2	#FF7F0EFF
Kronos3820	15	#C5B0D5FF
Kronos3821	15	#C5B0D5FF
Kronos3822	15	#C5B0D5FF
Kronos3824	15	#C5B0D5FF
Kronos3825	15	#C5B0D5FF
Kronos3834	15	#C5B0D5FF
Kronos3837	15	#C5B0D5FF
Kronos3838	15	#C5B0D5FF
Kronos3839	15	#C5B0D5FF
Kronos3840	15	#C5B0D5FF
Kronos3842	15	#C5B0D5FF
Kronos3846	15	#C5B0D5FF
Kronos385	8	#7F7F7FFF
Kronos3850	15	#C5B0D5FF
Kronos3853	15	#C5B0D5FF
Kronos3854	15	#C5B0D5FF
Kronos3859	15	#C5B0D5FF
Kronos3862	15	#C5B0D5FF
Kronos3863	15	#C5B0D5FF
Kronos3865	15	#C5B0D5FF
Kronos3868	15	#C5B0D5FF
Kronos387	3	#2CA02CFF
Kronos3870	15	#C5B0D5FF
Kronos3871	15	#C5B0D5FF
Kronos3873	15	#C5B0D5FF
Kronos3877	15	#C5B0D5FF
Kronos3878	15	#C5B0D5FF
Kronos3879	15	#C5B0D5FF
Kronos388	4	#D62728FF
Kronos3880	15	#C5B0D5FF
Kronos3881	15	#C5B0D5FF
Kronos3882	11	#AEC7E8FF
Kronos3884	15	#C5B0D5FF
Kronos3886	15	#C5B0D5FF
Kronos3887	15	#C5B0D5FF
Kronos3888	15	#C5B0D5FF
Kronos3889	15	#C5B0D5FF
Kronos3893	15	#C5B0D5FF
Kronos3895	15	#C5B0D5FF
Kronos3896	15	#C5B0D5FF
Kronos3898	15	#C5B0D5FF
Kronos3900	15	#C5B0D5FF
Kronos3901	15	#C5B0D5FF
Kronos3903	15	#C5B0D5FF
Kronos3904	15	#C5B0D5FF
Kronos3907	5	#9467BDFF
Kronos391	5	#9467BDFF
Kronos3910	15	#C5B0D5FF
Kronos3911	5	#9467BDFF
Kronos3912	15	#C5B0D5FF
Kronos3913	15	#C5B0D5FF
Kronos3914	15	#C5B0D5FF
Kronos3916	15	#C5B0D5FF
Kronos3919	15	#C5B0D5FF
Kronos392	5	#9467BDFF
Kronos3921	15	#C5B0D5FF
Kronos3922	15	#C5B0D5FF
Kronos3924	15	#C5B0D5FF
Kronos3925	15	#C5B0D5FF
Kronos3926	8	#7F7F7FFF
Kronos3928	15	#C5B0D5FF
Kronos3929	15	#C5B0D5FF
Kronos393	5	#9467BDFF
Kronos3931	15	#C5B0D5FF
Kronos3932	15	#C5B0D5FF
Kronos3933	15	#C5B0D5FF
Kronos3934	15	#C5B0D5FF
Kronos3935	7	#E377C2FF
Kronos3936	15	#C5B0D5FF
Kronos3937	15	#C5B0D5FF
Kronos3939	15	#C5B0D5FF
Kronos3944	15	#C5B0D5FF
Kronos3946	9	#BCBD22FF
Kronos3949	15	#C5B0D5FF
Kronos3950	15	#C5B0D5FF
Kronos3951	15	#C5B0D5FF
Kronos3952	15	#C5B0D5FF
Kronos3953	15	#C5B0D5FF
Kronos3954	15	#C5B0D5FF
Kronos3957	15	#C5B0D5FF
Kronos3959	15	#C5B0D5FF
Kronos3961	15	#C5B0D5FF
Kronos3962	15	#C5B0D5FF
Kronos3964	15	#C5B0D5FF
Kronos3965	15	#C5B0D5FF
Kronos397	3	#2CA02CFF
Kronos3974	15	#C5B0D5FF
Kronos3976	15	#C5B0D5FF
Kronos398	8	#7F7F7FFF
Kronos3985	15	#C5B0D5FF
Kronos3986	15	#C5B0D5FF
Kronos3987	15	#C5B0D5FF
Kronos3990	15	#C5B0D5FF
Kronos3991	15	#C5B0D5FF
Kronos3995	15	#C5B0D5FF
Kronos3996	15	#C5B0D5FF
Kronos3997	15	#C5B0D5FF
Kronos4001	15	#C5B0D5FF
Kronos4002	15	#C5B0D5FF
Kronos4009	15	#C5B0D5FF
Kronos401	6	#8C564BFF
Kronos4010	15	#C5B0D5FF
Kronos4012	15	#C5B0D5FF
Kronos4013	15	#C5B0D5FF
Kronos4017	15	#C5B0D5FF
Kronos4025	15	#C5B0D5FF
Kronos4027	15	#C5B0D5FF
Kronos4034	15	#C5B0D5FF
Kronos4036	15	#C5B0D5FF
Kronos4037	15	#C5B0D5FF
Kronos4043	15	#C5B0D5FF
Kronos4045	15	#C5B0D5FF
Kronos4054	15	#C5B0D5FF
Kronos4055	15	#C5B0D5FF
Kronos4057	15	#C5B0D5FF
Kronos406	9	#BCBD22FF
Kronos4060	15	#C5B0D5FF
Kronos4061	15	#C5B0D5FF
Kronos4065	7	#E377C2FF
Kronos4066	15	#C5B0D5FF
Kronos4069	15	#C5B0D5FF
Kronos408	5	#9467BDFF
Kronos4082	15	#C5B0D5FF
Kronos4090	15	#C5B0D5FF
Kronos4096	15	#C5B0D5FF
Kronos411	12	#FFBB78FF
Kronos413	3	#2CA02CFF
Kronos414	11	#AEC7E8FF
Kronos417	5	#9467BDFF
Kronos418	3	#2CA02CFF
Kronos4193	15	#C5B0D5FF
Kronos4197	15	#C5B0D5FF
Kronos4199	15	#C5B0D5FF
Kronos420	8	#7F7F7FFF
Kronos4200	15	#C5B0D5FF
Kronos4204	15	#C5B0D5FF
Kronos4205	15	#C5B0D5FF
Kronos4206	15	#C5B0D5FF
Kronos4208	15	#C5B0D5FF
Kronos4209	15	#C5B0D5FF
Kronos4210	15	#C5B0D5FF
Kronos4211	15	#C5B0D5FF
Kronos4212	15	#C5B0D5FF
Kronos4213	15	#C5B0D5FF
Kronos4218	15	#C5B0D5FF
Kronos4219	15	#C5B0D5FF
Kronos422	4	#D62728FF
Kronos4220	15	#C5B0D5FF
Kronos4222	15	#C5B0D5FF
Kronos423	9	#BCBD22FF
Kronos4234	14	#FF9896FF
Kronos4235	15	#C5B0D5FF
Kronos4236	8	#7F7F7FFF
Kronos4238	15	#C5B0D5FF
Kronos4239	15	#C5B0D5FF
Kronos4240	15	#C5B0D5FF
Kronos4243	6	#8C564BFF
Kronos4245	5	#9467BDFF
Kronos4247	15	#C5B0D5FF
Kronos4250	6	#8C564BFF
Kronos4251	15	#C5B0D5FF
Kronos4254	4	#D62728FF
Kronos4256	15	#C5B0D5FF
Kronos4257	15	#C5B0D5FF
Kronos4261	15	#C5B0D5FF
Kronos4265	15	#C5B0D5FF
Kronos4268	15	#C5B0D5FF
Kronos4269	15	#C5B0D5FF
Kronos427	4	#D62728FF
Kronos4270	6	#8C564BFF
Kronos4271	15	#C5B0D5FF
Kronos4273	15	#C5B0D5FF
Kronos4275	15	#C5B0D5FF
Kronos4276	15	#C5B0D5FF
Kronos4277	15	#C5B0D5FF
Kronos428	8	#7F7F7FFF
Kronos4280	14	#FF9896FF
Kronos4281	15	#C5B0D5FF
Kronos4283	6	#8C564BFF
Kronos4284	4	#D62728FF
Kronos4285	15	#C5B0D5FF
Kronos4289	15	#C5B0D5FF
Kronos429	8	#7F7F7FFF
Kronos4290	15	#C5B0D5FF
Kronos4291	15	#C5B0D5FF
Kronos4292	15	#C5B0D5FF
Kronos4293	4	#D62728FF
Kronos4295	15	#C5B0D5FF
Kronos4297	15	#C5B0D5FF
Kronos4298	15	#C5B0D5FF
Kronos4300	15	#C5B0D5FF
Kronos4302	15	#C5B0D5FF
Kronos4303	15	#C5B0D5FF
Kronos4305	15	#C5B0D5FF
Kronos4306	15	#C5B0D5FF
Kronos4307	15	#C5B0D5FF
Kronos4310	15	#C5B0D5FF
Kronos4311	15	#C5B0D5FF
Kronos4312	15	#C5B0D5FF
Kronos4313	15	#C5B0D5FF
Kronos4316	15	#C5B0D5FF
Kronos4319	15	#C5B0D5FF
Kronos4320	15	#C5B0D5FF
Kronos4321	15	#C5B0D5FF
Kronos4327	15	#C5B0D5FF
Kronos433	2	#FF7F0EFF
Kronos4331	15	#C5B0D5FF
Kronos4332	15	#C5B0D5FF
Kronos4333	15	#C5B0D5FF
Kronos4339	15	#C5B0D5FF
Kronos4343	15	#C5B0D5FF
Kronos4346	15	#C5B0D5FF
Kronos4350	15	#C5B0D5FF
Kronos4353	14	#FF9896FF
Kronos4355	14	#FF9896FF
Kronos4357	9	#BCBD22FF
Kronos4361	11	#AEC7E8FF
Kronos4363	8	#7F7F7FFF
Kronos4364	15	#C5B0D5FF
Kronos4365	5	#9467BDFF
Kronos4367	7	#E377C2FF
Kronos4368	15	#C5B0D5FF
Kronos4369	9	#BCBD22FF
Kronos437	5	#9467BDFF
Kronos4375	1	#1F77B4FF
Kronos4386	4	#D62728FF
Kronos4387	13	#98DF8AFF
Kronos4389	15	#C5B0D5FF
Kronos439	10	#17BECFFF
Kronos4397	15	#C5B0D5FF
Kronos4399	4	#D62728FF
Kronos440	4	#D62728FF
Kronos4406	12	#FFBB78FF
Kronos4407	5	#9467BDFF
Kronos4408	5	#9467BDFF
Kronos4409	8	#7F7F7FFF
Kronos4410	4	#D62728FF
Kronos4413	15	#C5B0D5FF
Kronos4414	6	#8C564BFF
Kronos4416	15	#C5B0D5FF
Kronos4418	15	#C5B0D5FF
Kronos442	8	#7F7F7FFF
Kronos4420	15	#C5B0D5FF
Kronos4425	7	#E377C2FF
Kronos4428	8	#7F7F7FFF
Kronos4429	12	#FFBB78FF
Kronos4430	15	#C5B0D5FF
Kronos4431	15	#C5B0D5FF
Kronos4432	15	#C5B0D5FF
Kronos4434	15	#C5B0D5FF
Kronos444	8	#7F7F7FFF
Kronos4442	15	#C5B0D5FF
Kronos4443	15	#C5B0D5FF
Kronos4447	15	#C5B0D5FF
Kronos445	6	#8C564BFF
Kronos4452	15	#C5B0D5FF
Kronos4462	15	#C5B0D5FF
Kronos447	8	#7F7F7FFF
Kronos4473	15	#C5B0D5FF
Kronos4478	15	#C5B0D5FF
Kronos4479	15	#C5B0D5FF
Kronos4485	15	#C5B0D5FF
Kronos4490	15	#C5B0D5FF
Kronos4491	3	#2CA02CFF
Kronos4494	15	#C5B0D5FF
Kronos4495	4	#D62728FF
Kronos4498	15	#C5B0D5FF
Kronos450	7	#E377C2FF
Kronos4501	8	#7F7F7FFF
Kronos4502	4	#D62728FF
Kronos4503	15	#C5B0D5FF
Kronos4505	4	#D62728FF
Kronos451	8	#7F7F7FFF
Kronos4515	15	#C5B0D5FF
Kronos4516	15	#C5B0D5FF
Kronos4517	15	#C5B0D5FF
Kronos4518	15	#C5B0D5FF
Kronos452	3	#2CA02CFF
Kronos4521	15	#C5B0D5FF
Kronos4525	15	#C5B0D5FF
Kronos4528	10	#17BECFFF
Kronos4533	15	#C5B0D5FF
Kronos4539	15	#C5B0D5FF
Kronos4541	15	#C5B0D5FF
Kronos4543	15	#C5B0D5FF
Kronos4546	15	#C5B0D5FF
Kronos4547	3	#2CA02CFF
Kronos4548	15	#C5B0D5FF
Kronos4549	15	#C5B0D5FF
Kronos4551	15	#C5B0D5FF
Kronos4555	15	#C5B0D5FF
Kronos4559	15	#C5B0D5FF
Kronos456	8	#7F7F7FFF
Kronos4560	15	#C5B0D5FF
Kronos4561	5	#9467BDFF
Kronos4565	15	#C5B0D5FF
Kronos4568	4	#D62728FF
Kronos4574	15	#C5B0D5FF
Kronos4575	15	#C5B0D5FF
Kronos4576	15	#C5B0D5FF
Kronos4577	15	#C5B0D5FF
Kronos4578	15	#C5B0D5FF
Kronos4581	15	#C5B0D5FF
Kronos4582	15	#C5B0D5FF
Kronos4583	15	#C5B0D5FF
Kronos4585	15	#C5B0D5FF
Kronos4589	15	#C5B0D5FF
Kronos4593	15	#C5B0D5FF
Kronos4594	15	#C5B0D5FF
Kronos4596	15	#C5B0D5FF
Kronos4599	15	#C5B0D5FF
Kronos460	5	#9467BDFF
Kronos4605	15	#C5B0D5FF
Kronos4606	15	#C5B0D5FF
Kronos4610	15	#C5B0D5FF
Kronos4611	15	#C5B0D5FF
Kronos4617	11	#AEC7E8FF
Kronos4618	15	#C5B0D5FF
Kronos462	12	#FFBB78FF
Kronos4623	15	#C5B0D5FF
Kronos4627	6	#8C564BFF
Kronos463	5	#9467BDFF
Kronos4630	4	#D62728FF
Kronos4631	15	#C5B0D5FF
Kronos4644	12	#FFBB78FF
Kronos4648	15	#C5B0D5FF
Kronos465	8	#7F7F7FFF
Kronos4652	15	#C5B0D5FF
Kronos4654	2	#FF7F0EFF
Kronos4657	4	#D62728FF
Kronos4658	15	#C5B0D5FF
Kronos4660	15	#C5B0D5FF
Kronos4661	15	#C5B0D5FF
Kronos4662	15	#C5B0D5FF
Kronos4667	15	#C5B0D5FF
Kronos467	5	#9467BDFF
Kronos4670	15	#C5B0D5FF
Kronos4671	15	#C5B0D5FF
Kronos4672	2	#FF7F0EFF
Kronos4673	5	#9467BDFF
Kronos4674	15	#C5B0D5FF
Kronos4675	15	#C5B0D5FF
Kronos4678	15	#C5B0D5FF
Kronos4679	15	#C5B0D5FF
Kronos468	8	#7F7F7FFF
Kronos4680	15	#C5B0D5FF
Kronos4681	4	#D62728FF
Kronos4682	15	#C5B0D5FF
Kronos4683	15	#C5B0D5FF
Kronos4684	15	#C5B0D5FF
Kronos4688	15	#C5B0D5FF
Kronos4689	15	#C5B0D5FF
Kronos473	7	#E377C2FF
Kronos474	8	#7F7F7FFF
Kronos476	5	#9467BDFF
Kronos478	3	#2CA02CFF
Kronos479	13	#98DF8AFF
Kronos481	9	#BCBD22FF
Kronos484	5	#9467BDFF
Kronos489	5	#9467BDFF
Kronos490	3	#2CA02CFF
Kronos497	3	#2CA02CFF
Kronos499	4	#D62728FF
Kronos508	8	#7F7F7FFF
Kronos518	4	#D62728FF
Kronos520	8	#7F7F7FFF
Kronos524	8	#7F7F7FFF
Kronos533	2	#FF7F0EFF
Kronos534	10	#17BECFFF
Kronos537	4	#D62728FF
Kronos538	9	#BCBD22FF
Kronos548	9	#BCBD22FF
Kronos550	5	#9467BDFF
Kronos554	8	#7F7F7FFF
Kronos557	6	#8C564BFF
Kronos559	8	#7F7F7FFF
Kronos561	1	#1F77B4FF
Kronos562	6	#8C564BFF
Kronos563	4	#D62728FF
Kronos564	4	#D62728FF
Kronos565	11	#AEC7E8FF
Kronos570	5	#9467BDFF
Kronos571	8	#7F7F7FFF
Kronos572	9	#BCBD22FF
Kronos573	8	#7F7F7FFF
Kronos578	8	#7F7F7FFF
Kronos579	8	#7F7F7FFF
Kronos580	2	#FF7F0EFF
Kronos581	3	#2CA02CFF
Kronos583	8	#7F7F7FFF
Kronos587	12	#FFBB78FF
Kronos588	3	#2CA02CFF
Kronos590	6	#8C564BFF
Kronos594	10	#17BECFFF
Kronos596	9	#BCBD22FF
Kronos597	11	#AEC7E8FF
Kronos598	4	#D62728FF
Kronos599	4	#D62728FF
Kronos601	6	#8C564BFF
Kronos604	4	#D62728FF
Kronos608	6	#8C564BFF
Kronos611	5	#9467BDFF
Kronos620	8	#7F7F7FFF
Kronos628	4	#D62728FF
Kronos634	4	#D62728FF
Kronos635	5	#9467BDFF
Kronos640	8	#7F7F7FFF
Kronos646	3	#2CA02CFF
Kronos651	8	#7F7F7FFF
Kronos652	11	#AEC7E8FF
Kronos656	4	#D62728FF
Kronos661	2	#FF7F0EFF
Kronos665	2	#FF7F0EFF
Kronos670	5	#9467BDFF
Kronos679	6	#8C564BFF
Kronos681	11	#AEC7E8FF
Kronos682	8	#7F7F7FFF
Kronos683	5	#9467BDFF
Kronos684	12	#FFBB78FF
Kronos685	4	#D62728FF
Kronos689	4	#D62728FF
Kronos691	10	#17BECFFF
Kronos692	7	#E377C2FF
Kronos693	5	#9467BDFF
Kronos695	6	#8C564BFF
Kronos697	6	#8C564BFF
Kronos699	8	#7F7F7FFF
Kronos701	3	#2CA02CFF
Kronos706	8	#7F7F7FFF
Kronos708	8	#7F7F7FFF
Kronos712	4	#D62728FF
Kronos714	6	#8C564BFF
Kronos716	4	#D62728FF
Kronos733	8	#7F7F7FFF
Kronos758	13	#98DF8AFF
Kronos759	4	#D62728FF
Kronos766	3	#2CA02CFF
Kronos771	4	#D62728FF
Kronos772	8	#7F7F7FFF
Kronos774	1	#1F77B4FF
Kronos775	8	#7F7F7FFF
Kronos776	5	#9467BDFF
Kronos789	8	#7F7F7FFF
Kronos791	5	#9467BDFF
Kronos793	7	#E377C2FF
Kronos794	7	#E377C2FF
Kronos795	13	#98DF8AFF
Kronos798	4	#D62728FF
Kronos799	8	#7F7F7FFF
Kronos802	6	#8C564BFF
Kronos803	8	#7F7F7FFF
Kronos805	4	#D62728FF
Kronos807	5	#9467BDFF
Kronos809	4	#D62728FF
Kronos810	4	#D62728FF
Kronos811	5	#9467BDFF
Kronos82	3	#2CA02CFF
Kronos820	7	#E377C2FF
Kronos824	12	#FFBB78FF
Kronos826	5	#9467BDFF
Kronos829	8	#7F7F7FFF
Kronos833	4	#D62728FF
Kronos837	4	#D62728FF
Kronos842	4	#D62728FF
Kronos846	4	#D62728FF
Kronos847	2	#FF7F0EFF
Kronos849	3	#2CA02CFF
Kronos85	11	#AEC7E8FF
Kronos852	3	#2CA02CFF
Kronos859	5	#9467BDFF
Kronos86	2	#FF7F0EFF
Kronos860	3	#2CA02CFF
Kronos861	5	#9467BDFF
Kronos863	9	#BCBD22FF
Kronos865	13	#98DF8AFF
Kronos866	8	#7F7F7FFF
Kronos867	5	#9467BDFF
Kronos868	1	#1F77B4FF
Kronos869	4	#D62728FF
Kronos872	13	#98DF8AFF
Kronos873	2	#FF7F0EFF
Kronos874	8	#7F7F7FFF
Kronos875	11	#AEC7E8FF
Kronos877	9	#BCBD22FF
Kronos878	4	#D62728FF
Kronos879	8	#7F7F7FFF
Kronos884	4	#D62728FF
Kronos890	1	#1F77B4FF
Kronos909	4	#D62728FF
Kronos910	4	#D62728FF
Kronos912	8	#7F7F7FFF
Kronos92	10	#17BECFFF
Kronos925	5	#9467BDFF
Kronos928	8	#7F7F7FFF
Kronos929	6	#8C564BFF
Kronos931	7	#E377C2FF
Kronos932	6	#8C564BFF
Kronos934	6	#8C564BFF
Kronos935	4	#D62728FF
Kronos942	4	#D62728FF
Kronos944	8	#7F7F7FFF
Kronos95	4	#D62728FF
Kronos950	4	#D62728FF
Kronos961	12	#FFBB78FF
Kronos967	4	#D62728FF
Kronos974	5	#9467BDFF
Kronos978	5	#9467BDFF
Kronos983	13	#98DF8AFF
Kronos984	1	#1F77B4FF
Kronos996	5	#9467BDFF
